Program Branch,County,Station,Latitude,Longitude,View summary report,Download data from NS Open Data Portal,Download data from CIOOS
Water Quality,Annapolis,1042,44.6529,-65.6745,https://cmar.ca/wp-content/uploads/sites/22/2023/04/Annapolis_Water_Quality_Report.pdf,https://data.novascotia.ca/Nature-and-Environment/Annapolis-County-Water-Quality-Data/knwz-4bap/about_data,https://catalogue.cioosatlantic.ca/dataset/ca-cioos_df9dc1b2-b786-322f-9e92-900c446752ef
Water Quality,Annapolis,5005,44.6342,-65.7119,https://cmar.ca/wp-content/uploads/sites/22/2023/04/Annapolis_Water_Quality_Report.pdf,https://data.novascotia.ca/Nature-and-Environment/Annapolis-County-Water-Quality-Data/knwz-4bap/about_data,https://catalogue.cioosatlantic.ca/dataset/ca-cioos_df9dc1b2-b786-322f-9e92-900c446752ef
Water Quality,Annapolis,5006,44.6696,-65.6477,https://cmar.ca/wp-content/uploads/sites/22/2023/04/Annapolis_Water_Quality_Report.pdf,https://data.novascotia.ca/Nature-and-Environment/Annapolis-County-Water-Quality-Data/knwz-4bap/about_data,https://catalogue.cioosatlantic.ca/dataset/ca-cioos_df9dc1b2-b786-322f-9e92-900c446752ef
Water Quality,Annapolis,Cornwallis,44.6694,-65.6448,https://cmar.ca/wp-content/uploads/sites/22/2023/04/Annapolis_Water_Quality_Report.pdf,https://data.novascotia.ca/Nature-and-Environment/Annapolis-County-Water-Quality-Data/knwz-4bap/about_data,https://catalogue.cioosatlantic.ca/dataset/ca-cioos_df9dc1b2-b786-322f-9e92-900c446752ef
Water Quality,Annapolis,Lobster Ledge,44.6782,-65.6833,https://cmar.ca/wp-content/uploads/sites/22/2023/04/Annapolis_Water_Quality_Report.pdf,https://data.novascotia.ca/Nature-and-Environment/Annapolis-County-Water-Quality-Data/knwz-4bap/about_data,https://catalogue.cioosatlantic.ca/dataset/ca-cioos_df9dc1b2-b786-322f-9e92-900c446752ef
Water Quality,Antigonish,1442,45.6716,-61.8926,https://cmar.ca/wp-content/uploads/sites/22/2024/04/Antigonish_Water_Quality_Report.pdf,https://data.novascotia.ca/Nature-and-Environment/Antigonish-County-Water-Quality-Data/kgdu-nqdp/about_data,https://catalogue.cioosatlantic.ca/dataset/ca-cioos_c1816b73-8572-3d0a-abe3-8058dc0a371b
Water Quality,Antigonish,1443,45.679,-61.8956,https://cmar.ca/wp-content/uploads/sites/22/2024/04/Antigonish_Water_Quality_Report.pdf,https://data.novascotia.ca/Nature-and-Environment/Antigonish-County-Water-Quality-Data/kgdu-nqdp/about_data,https://catalogue.cioosatlantic.ca/dataset/ca-cioos_c1816b73-8572-3d0a-abe3-8058dc0a371b
Water Quality,Antigonish,Southside,45.6598,-61.9042,https://cmar.ca/wp-content/uploads/sites/22/2024/04/Antigonish_Water_Quality_Report.pdf,https://data.novascotia.ca/Nature-and-Environment/Antigonish-County-Water-Quality-Data/kgdu-nqdp/about_data,https://catalogue.cioosatlantic.ca/dataset/ca-cioos_c1816b73-8572-3d0a-abe3-8058dc0a371b
Water Quality,Antigonish,Antigonish 1,45.6777,-61.9125,https://cmar.ca/wp-content/uploads/sites/22/2024/04/Antigonish_Water_Quality_Report.pdf,https://data.novascotia.ca/Nature-and-Environment/Antigonish-County-Water-Quality-Data/kgdu-nqdp/about_data,https://catalogue.cioosatlantic.ca/dataset/ca-cioos_c1816b73-8572-3d0a-abe3-8058dc0a371b
Water Quality,Antigonish,Antigonish 2,45.6776,-61.9126,https://cmar.ca/wp-content/uploads/sites/22/2024/04/Antigonish_Water_Quality_Report.pdf,https://data.novascotia.ca/Nature-and-Environment/Antigonish-County-Water-Quality-Data/kgdu-nqdp/about_data,https://catalogue.cioosatlantic.ca/dataset/ca-cioos_c1816b73-8572-3d0a-abe3-8058dc0a371b
Water Quality,Antigonish,Antigonish 3,45.6776,-61.9128,https://cmar.ca/wp-content/uploads/sites/22/2024/04/Antigonish_Water_Quality_Report.pdf,https://data.novascotia.ca/Nature-and-Environment/Antigonish-County-Water-Quality-Data/kgdu-nqdp/about_data,https://catalogue.cioosatlantic.ca/dataset/ca-cioos_c1816b73-8572-3d0a-abe3-8058dc0a371b
Water Quality,Antigonish,Captains Pond,45.675,-61.908,https://cmar.ca/wp-content/uploads/sites/22/2024/04/Antigonish_Water_Quality_Report.pdf,https://data.novascotia.ca/Nature-and-Environment/Antigonish-County-Water-Quality-Data/kgdu-nqdp/about_data,https://catalogue.cioosatlantic.ca/dataset/ca-cioos_c1816b73-8572-3d0a-abe3-8058dc0a371b
Water Quality,Antigonish,Ile du Havre,45.6902,-61.5174,https://cmar.ca/wp-content/uploads/sites/22/2024/04/Antigonish_Water_Quality_Report.pdf,https://data.novascotia.ca/Nature-and-Environment/Antigonish-County-Water-Quality-Data/kgdu-nqdp/about_data,https://catalogue.cioosatlantic.ca/dataset/ca-cioos_c1816b73-8572-3d0a-abe3-8058dc0a371b
Water Quality,Antigonish,Monks Head,45.6549,-61.8288,https://cmar.ca/wp-content/uploads/sites/22/2024/04/Antigonish_Water_Quality_Report.pdf,https://data.novascotia.ca/Nature-and-Environment/Antigonish-County-Water-Quality-Data/kgdu-nqdp/about_data,https://catalogue.cioosatlantic.ca/dataset/ca-cioos_c1816b73-8572-3d0a-abe3-8058dc0a371b
Water Quality,Antigonish,St. Georges Bay N,45.708,-61.8565,https://cmar.ca/wp-content/uploads/sites/22/2024/04/Antigonish_Water_Quality_Report.pdf,https://data.novascotia.ca/Nature-and-Environment/Antigonish-County-Water-Quality-Data/kgdu-nqdp/about_data,https://catalogue.cioosatlantic.ca/dataset/ca-cioos_c1816b73-8572-3d0a-abe3-8058dc0a371b
Water Quality,Antigonish,St. Georges Bay S,45.6947,-61.8501,https://cmar.ca/wp-content/uploads/sites/22/2024/04/Antigonish_Water_Quality_Report.pdf,https://data.novascotia.ca/Nature-and-Environment/Antigonish-County-Water-Quality-Data/kgdu-nqdp/about_data,https://catalogue.cioosatlantic.ca/dataset/ca-cioos_c1816b73-8572-3d0a-abe3-8058dc0a371b
Water Quality,Antigonish,St. Georges Bay W,45.6987,-61.864,https://cmar.ca/wp-content/uploads/sites/22/2024/04/Antigonish_Water_Quality_Report.pdf,https://data.novascotia.ca/Nature-and-Environment/Antigonish-County-Water-Quality-Data/kgdu-nqdp/about_data,https://catalogue.cioosatlantic.ca/dataset/ca-cioos_c1816b73-8572-3d0a-abe3-8058dc0a371b
Water Quality,Antigonish,Tracadie 1,45.6439,-61.6476,https://cmar.ca/wp-content/uploads/sites/22/2024/04/Antigonish_Water_Quality_Report.pdf,https://data.novascotia.ca/Nature-and-Environment/Antigonish-County-Water-Quality-Data/kgdu-nqdp/about_data,https://catalogue.cioosatlantic.ca/dataset/ca-cioos_c1816b73-8572-3d0a-abe3-8058dc0a371b
Water Quality,Antigonish,Tracadie 2,45.644,-61.6478,https://cmar.ca/wp-content/uploads/sites/22/2024/04/Antigonish_Water_Quality_Report.pdf,https://data.novascotia.ca/Nature-and-Environment/Antigonish-County-Water-Quality-Data/kgdu-nqdp/about_data,https://catalogue.cioosatlantic.ca/dataset/ca-cioos_c1816b73-8572-3d0a-abe3-8058dc0a371b
Water Quality,Antigonish,Tracadie 3,45.6442,-61.6479,https://cmar.ca/wp-content/uploads/sites/22/2024/04/Antigonish_Water_Quality_Report.pdf,https://data.novascotia.ca/Nature-and-Environment/Antigonish-County-Water-Quality-Data/kgdu-nqdp/about_data,https://catalogue.cioosatlantic.ca/dataset/ca-cioos_c1816b73-8572-3d0a-abe3-8058dc0a371b
Water Quality,Cape Breton,Little Bras d'Or Channel,46.2963,-60.2877,https://cmar.ca/wp-content/uploads/sites/22/2024/04/Cape_Breton_Water_Quality_Report.pdf,https://data.novascotia.ca/Nature-and-Environment/Cape-Breton-County-Water-Quality-Data/5daj-5icy/about_data,https://catalogue.cioosatlantic.ca/dataset/ca-cioos_4d9947d5-47cc-3ab1-8a24-348a39a207ce
Water Quality,Cape Breton,St. Andrews Channel E,46.2433,-60.3031,https://cmar.ca/wp-content/uploads/sites/22/2024/04/Cape_Breton_Water_Quality_Report.pdf,https://data.novascotia.ca/Nature-and-Environment/Cape-Breton-County-Water-Quality-Data/5daj-5icy/about_data,https://catalogue.cioosatlantic.ca/dataset/ca-cioos_4d9947d5-47cc-3ab1-8a24-348a39a207ce
Water Quality,Colchester,McNabs Point 1,45.7628,-63.3514,https://cmar.ca/wp-content/uploads/sites/22/2023/04/Colchester_Water_Quality_Report.pdf,https://data.novascotia.ca/Nature-and-Environment/Colchester-County-Water-Quality-Data/gfri-gzxa/about_data,https://catalogue.cioosatlantic.ca/dataset/ca-cioos_a779791a-69dc-379f-a8ab-6ba091949aea
Water Quality,Colchester,McNabs Point 2,45.7628,-63.3516,https://cmar.ca/wp-content/uploads/sites/22/2023/04/Colchester_Water_Quality_Report.pdf,https://data.novascotia.ca/Nature-and-Environment/Colchester-County-Water-Quality-Data/gfri-gzxa/about_data,https://catalogue.cioosatlantic.ca/dataset/ca-cioos_a779791a-69dc-379f-a8ab-6ba091949aea
Water Quality,Colchester,McNabs Point 3,45.7628,-63.3518,https://cmar.ca/wp-content/uploads/sites/22/2023/04/Colchester_Water_Quality_Report.pdf,https://data.novascotia.ca/Nature-and-Environment/Colchester-County-Water-Quality-Data/gfri-gzxa/about_data,https://catalogue.cioosatlantic.ca/dataset/ca-cioos_a779791a-69dc-379f-a8ab-6ba091949aea
Water Quality,Colchester,Malagash,45.7833,-63.2252,https://cmar.ca/wp-content/uploads/sites/22/2023/04/Colchester_Water_Quality_Report.pdf,https://data.novascotia.ca/Nature-and-Environment/Colchester-County-Water-Quality-Data/gfri-gzxa/about_data,https://catalogue.cioosatlantic.ca/dataset/ca-cioos_a779791a-69dc-379f-a8ab-6ba091949aea
Water Quality,Digby,1012,44.4071,-66.1605,https://cmar.ca/wp-content/uploads/sites/22/2023/04/Digby_Water_Quality_Report.pdf,https://data.novascotia.ca/Nature-and-Environment/Digby-County-Water-Quality-Data/wpsu-7fer/about_data,https://catalogue.cioosatlantic.ca/dataset/ca-cioos_f7eaeb68-00f1-3414-a5a8-35d236fec0f4
Water Quality,Digby,5007,44.5391,-65.958,https://cmar.ca/wp-content/uploads/sites/22/2023/04/Digby_Water_Quality_Report.pdf,https://data.novascotia.ca/Nature-and-Environment/Digby-County-Water-Quality-Data/wpsu-7fer/about_data,https://catalogue.cioosatlantic.ca/dataset/ca-cioos_f7eaeb68-00f1-3414-a5a8-35d236fec0f4
Water Quality,Digby,5008,44.5038,-65.9324,https://cmar.ca/wp-content/uploads/sites/22/2023/04/Digby_Water_Quality_Report.pdf,https://data.novascotia.ca/Nature-and-Environment/Digby-County-Water-Quality-Data/wpsu-7fer/about_data,https://catalogue.cioosatlantic.ca/dataset/ca-cioos_f7eaeb68-00f1-3414-a5a8-35d236fec0f4
Water Quality,Digby,Centreville 1,44.5328,-65.984,https://cmar.ca/wp-content/uploads/sites/22/2023/04/Digby_Water_Quality_Report.pdf,https://data.novascotia.ca/Nature-and-Environment/Digby-County-Water-Quality-Data/wpsu-7fer/about_data,https://catalogue.cioosatlantic.ca/dataset/ca-cioos_f7eaeb68-00f1-3414-a5a8-35d236fec0f4
Water Quality,Digby,Centreville,44.5362,-66.0017,https://cmar.ca/wp-content/uploads/sites/22/2023/04/Digby_Water_Quality_Report.pdf,https://data.novascotia.ca/Nature-and-Environment/Digby-County-Water-Quality-Data/wpsu-7fer/about_data,https://catalogue.cioosatlantic.ca/dataset/ca-cioos_f7eaeb68-00f1-3414-a5a8-35d236fec0f4
Water Quality,Digby,Church Point 1,44.324,-66.1357,https://cmar.ca/wp-content/uploads/sites/22/2023/04/Digby_Water_Quality_Report.pdf,https://data.novascotia.ca/Nature-and-Environment/Digby-County-Water-Quality-Data/wpsu-7fer/about_data,https://catalogue.cioosatlantic.ca/dataset/ca-cioos_f7eaeb68-00f1-3414-a5a8-35d236fec0f4
Water Quality,Digby,Church Point 2,44.3202,-66.1351,https://cmar.ca/wp-content/uploads/sites/22/2023/04/Digby_Water_Quality_Report.pdf,https://data.novascotia.ca/Nature-and-Environment/Digby-County-Water-Quality-Data/wpsu-7fer/about_data,https://catalogue.cioosatlantic.ca/dataset/ca-cioos_f7eaeb68-00f1-3414-a5a8-35d236fec0f4
Water Quality,Digby,Long Beach 1,44.3818,-66.1774,https://cmar.ca/wp-content/uploads/sites/22/2023/04/Digby_Water_Quality_Report.pdf,https://data.novascotia.ca/Nature-and-Environment/Digby-County-Water-Quality-Data/wpsu-7fer/about_data,https://catalogue.cioosatlantic.ca/dataset/ca-cioos_f7eaeb68-00f1-3414-a5a8-35d236fec0f4
Water Quality,Digby,Long Beach,44.4017,-66.1596,https://cmar.ca/wp-content/uploads/sites/22/2023/04/Digby_Water_Quality_Report.pdf,https://data.novascotia.ca/Nature-and-Environment/Digby-County-Water-Quality-Data/wpsu-7fer/about_data,https://catalogue.cioosatlantic.ca/dataset/ca-cioos_f7eaeb68-00f1-3414-a5a8-35d236fec0f4
Water Quality,Digby,Long Island 1,44.3501,-66.2243,https://cmar.ca/wp-content/uploads/sites/22/2023/04/Digby_Water_Quality_Report.pdf,https://data.novascotia.ca/Nature-and-Environment/Digby-County-Water-Quality-Data/wpsu-7fer/about_data,https://catalogue.cioosatlantic.ca/dataset/ca-cioos_f7eaeb68-00f1-3414-a5a8-35d236fec0f4
Water Quality,Digby,Long Island 2,44.3331,-66.2021,https://cmar.ca/wp-content/uploads/sites/22/2023/04/Digby_Water_Quality_Report.pdf,https://data.novascotia.ca/Nature-and-Environment/Digby-County-Water-Quality-Data/wpsu-7fer/about_data,https://catalogue.cioosatlantic.ca/dataset/ca-cioos_f7eaeb68-00f1-3414-a5a8-35d236fec0f4
Water Quality,Digby,Mid Bay,44.3868,-66.1442,https://cmar.ca/wp-content/uploads/sites/22/2023/04/Digby_Water_Quality_Report.pdf,https://data.novascotia.ca/Nature-and-Environment/Digby-County-Water-Quality-Data/wpsu-7fer/about_data,https://catalogue.cioosatlantic.ca/dataset/ca-cioos_f7eaeb68-00f1-3414-a5a8-35d236fec0f4
Water Quality,Digby,Sandy Cove,44.4857,-66.0596,https://cmar.ca/wp-content/uploads/sites/22/2023/04/Digby_Water_Quality_Report.pdf,https://data.novascotia.ca/Nature-and-Environment/Digby-County-Water-Quality-Data/wpsu-7fer/about_data,https://catalogue.cioosatlantic.ca/dataset/ca-cioos_f7eaeb68-00f1-3414-a5a8-35d236fec0f4
Water Quality,Guysborough,Dorts Cove 1,45.3608,-61.4071,https://cmar.ca/wp-content/uploads/sites/22/2023/05/Guysborough_Water_Quality_Report.pdf,https://data.novascotia.ca/Nature-and-Environment/Guysborough-County-Water-Quality-Data/eb3n-uxcb/about_data,https://catalogue.cioosatlantic.ca/dataset/ca-cioos_4ce2100d-41a6-382e-8273-d743919e32f7
Water Quality,Guysborough,Dorts Cove,45.3586,-61.4208,https://cmar.ca/wp-content/uploads/sites/22/2023/05/Guysborough_Water_Quality_Report.pdf,https://data.novascotia.ca/Nature-and-Environment/Guysborough-County-Water-Quality-Data/eb3n-uxcb/about_data,https://catalogue.cioosatlantic.ca/dataset/ca-cioos_4ce2100d-41a6-382e-8273-d743919e32f7
Water Quality,Guysborough,Moose Point 1,45.3948,-61.4071,https://cmar.ca/wp-content/uploads/sites/22/2023/05/Guysborough_Water_Quality_Report.pdf,https://data.novascotia.ca/Nature-and-Environment/Guysborough-County-Water-Quality-Data/eb3n-uxcb/about_data,https://catalogue.cioosatlantic.ca/dataset/ca-cioos_4ce2100d-41a6-382e-8273-d743919e32f7
Water Quality,Guysborough,Moose Point,45.3993,-61.4199,https://cmar.ca/wp-content/uploads/sites/22/2023/05/Guysborough_Water_Quality_Report.pdf,https://data.novascotia.ca/Nature-and-Environment/Guysborough-County-Water-Quality-Data/eb3n-uxcb/about_data,https://catalogue.cioosatlantic.ca/dataset/ca-cioos_4ce2100d-41a6-382e-8273-d743919e32f7
Water Quality,Guysborough,Rook Island 1,45.3523,-61.2869,https://cmar.ca/wp-content/uploads/sites/22/2023/05/Guysborough_Water_Quality_Report.pdf,https://data.novascotia.ca/Nature-and-Environment/Guysborough-County-Water-Quality-Data/eb3n-uxcb/about_data,https://catalogue.cioosatlantic.ca/dataset/ca-cioos_4ce2100d-41a6-382e-8273-d743919e32f7
Water Quality,Guysborough,Rook Island,45.351,-61.2679,https://cmar.ca/wp-content/uploads/sites/22/2023/05/Guysborough_Water_Quality_Report.pdf,https://data.novascotia.ca/Nature-and-Environment/Guysborough-County-Water-Quality-Data/eb3n-uxcb/about_data,https://catalogue.cioosatlantic.ca/dataset/ca-cioos_4ce2100d-41a6-382e-8273-d743919e32f7
Water Quality,Guysborough,Tickle Island 1,45.3594,-61.0429,https://cmar.ca/wp-content/uploads/sites/22/2023/05/Guysborough_Water_Quality_Report.pdf,https://data.novascotia.ca/Nature-and-Environment/Guysborough-County-Water-Quality-Data/eb3n-uxcb/about_data,https://catalogue.cioosatlantic.ca/dataset/ca-cioos_4ce2100d-41a6-382e-8273-d743919e32f7
Water Quality,Guysborough,Tickle Island,45.3549,-61.0379,https://cmar.ca/wp-content/uploads/sites/22/2023/05/Guysborough_Water_Quality_Report.pdf,https://data.novascotia.ca/Nature-and-Environment/Guysborough-County-Water-Quality-Data/eb3n-uxcb/about_data,https://catalogue.cioosatlantic.ca/dataset/ca-cioos_4ce2100d-41a6-382e-8273-d743919e32f7
Water Quality,Guysborough,1,45.1861,-61.7175,https://cmar.ca/wp-content/uploads/sites/22/2023/05/Guysborough_Water_Quality_Report.pdf,https://data.novascotia.ca/Nature-and-Environment/Guysborough-County-Water-Quality-Data/eb3n-uxcb/about_data,https://catalogue.cioosatlantic.ca/dataset/ca-cioos_4ce2100d-41a6-382e-8273-d743919e32f7
Water Quality,Guysborough,622,45.2319,-61.76,https://cmar.ca/wp-content/uploads/sites/22/2023/05/Guysborough_Water_Quality_Report.pdf,https://data.novascotia.ca/Nature-and-Environment/Guysborough-County-Water-Quality-Data/eb3n-uxcb/about_data,https://catalogue.cioosatlantic.ca/dataset/ca-cioos_4ce2100d-41a6-382e-8273-d743919e32f7
Water Quality,Guysborough,1307,45.16,-61.6801,https://cmar.ca/wp-content/uploads/sites/22/2023/05/Guysborough_Water_Quality_Report.pdf,https://data.novascotia.ca/Nature-and-Environment/Guysborough-County-Water-Quality-Data/eb3n-uxcb/about_data,https://catalogue.cioosatlantic.ca/dataset/ca-cioos_4ce2100d-41a6-382e-8273-d743919e32f7
Water Quality,Guysborough,West Ferry Ramp,45.1742,-61.7083,https://cmar.ca/wp-content/uploads/sites/22/2023/05/Guysborough_Water_Quality_Report.pdf,https://data.novascotia.ca/Nature-and-Environment/Guysborough-County-Water-Quality-Data/eb3n-uxcb/about_data,https://catalogue.cioosatlantic.ca/dataset/ca-cioos_4ce2100d-41a6-382e-8273-d743919e32f7
Water Quality,Guysborough,Madeline Point 1,45.2656,-60.9599,https://cmar.ca/wp-content/uploads/sites/22/2023/05/Guysborough_Water_Quality_Report.pdf,https://data.novascotia.ca/Nature-and-Environment/Guysborough-County-Water-Quality-Data/eb3n-uxcb/about_data,https://catalogue.cioosatlantic.ca/dataset/ca-cioos_4ce2100d-41a6-382e-8273-d743919e32f7
Water Quality,Guysborough,Madeline Point,45.2675,-60.9792,https://cmar.ca/wp-content/uploads/sites/22/2023/05/Guysborough_Water_Quality_Report.pdf,https://data.novascotia.ca/Nature-and-Environment/Guysborough-County-Water-Quality-Data/eb3n-uxcb/about_data,https://catalogue.cioosatlantic.ca/dataset/ca-cioos_4ce2100d-41a6-382e-8273-d743919e32f7
Water Quality,Guysborough,Seal Cove 1,45.2518,-61.0177,https://cmar.ca/wp-content/uploads/sites/22/2023/05/Guysborough_Water_Quality_Report.pdf,https://data.novascotia.ca/Nature-and-Environment/Guysborough-County-Water-Quality-Data/eb3n-uxcb/about_data,https://catalogue.cioosatlantic.ca/dataset/ca-cioos_4ce2100d-41a6-382e-8273-d743919e32f7
Water Quality,Guysborough,Seal Cove,45.2585,-60.9998,https://cmar.ca/wp-content/uploads/sites/22/2023/05/Guysborough_Water_Quality_Report.pdf,https://data.novascotia.ca/Nature-and-Environment/Guysborough-County-Water-Quality-Data/eb3n-uxcb/about_data,https://catalogue.cioosatlantic.ca/dataset/ca-cioos_4ce2100d-41a6-382e-8273-d743919e32f7
Water Quality,Guysborough,Bull Rock,45.0838,-61.6465,https://cmar.ca/wp-content/uploads/sites/22/2023/05/Guysborough_Water_Quality_Report.pdf,https://data.novascotia.ca/Nature-and-Environment/Guysborough-County-Water-Quality-Data/eb3n-uxcb/about_data,https://catalogue.cioosatlantic.ca/dataset/ca-cioos_4ce2100d-41a6-382e-8273-d743919e32f7
Water Quality,Guysborough,Meal Rock,45.1031,-61.6303,https://cmar.ca/wp-content/uploads/sites/22/2023/05/Guysborough_Water_Quality_Report.pdf,https://data.novascotia.ca/Nature-and-Environment/Guysborough-County-Water-Quality-Data/eb3n-uxcb/about_data,https://catalogue.cioosatlantic.ca/dataset/ca-cioos_4ce2100d-41a6-382e-8273-d743919e32f7
Water Quality,Guysborough,Barachois,45.0846,-61.8224,https://cmar.ca/wp-content/uploads/sites/22/2023/05/Guysborough_Water_Quality_Report.pdf,https://data.novascotia.ca/Nature-and-Environment/Guysborough-County-Water-Quality-Data/eb3n-uxcb/about_data,https://catalogue.cioosatlantic.ca/dataset/ca-cioos_4ce2100d-41a6-382e-8273-d743919e32f7
Water Quality,Guysborough,28,44.9625,-62.0608,https://cmar.ca/wp-content/uploads/sites/22/2023/05/Guysborough_Water_Quality_Report.pdf,https://data.novascotia.ca/Nature-and-Environment/Guysborough-County-Water-Quality-Data/eb3n-uxcb/about_data,https://catalogue.cioosatlantic.ca/dataset/ca-cioos_4ce2100d-41a6-382e-8273-d743919e32f7
Water Quality,Guysborough,Barren Island,44.9499,-62.0101,https://cmar.ca/wp-content/uploads/sites/22/2023/05/Guysborough_Water_Quality_Report.pdf,https://data.novascotia.ca/Nature-and-Environment/Guysborough-County-Water-Quality-Data/eb3n-uxcb/about_data,https://catalogue.cioosatlantic.ca/dataset/ca-cioos_4ce2100d-41a6-382e-8273-d743919e32f7
Water Quality,Guysborough,Jewers Bay,44.9622,-62.0906,https://cmar.ca/wp-content/uploads/sites/22/2023/05/Guysborough_Water_Quality_Report.pdf,https://data.novascotia.ca/Nature-and-Environment/Guysborough-County-Water-Quality-Data/eb3n-uxcb/about_data,https://catalogue.cioosatlantic.ca/dataset/ca-cioos_4ce2100d-41a6-382e-8273-d743919e32f7
Water Quality,Guysborough,Black Rocks,45.1597,-61.4032,https://cmar.ca/wp-content/uploads/sites/22/2023/05/Guysborough_Water_Quality_Report.pdf,https://data.novascotia.ca/Nature-and-Environment/Guysborough-County-Water-Quality-Data/eb3n-uxcb/about_data,https://catalogue.cioosatlantic.ca/dataset/ca-cioos_4ce2100d-41a6-382e-8273-d743919e32f7
Water Quality,Guysborough,The Bull,45.1553,-61.3987,https://cmar.ca/wp-content/uploads/sites/22/2023/05/Guysborough_Water_Quality_Report.pdf,https://data.novascotia.ca/Nature-and-Environment/Guysborough-County-Water-Quality-Data/eb3n-uxcb/about_data,https://catalogue.cioosatlantic.ca/dataset/ca-cioos_4ce2100d-41a6-382e-8273-d743919e32f7
Water Quality,Guysborough,Eddy Cove,45.5251,-61.256,https://cmar.ca/wp-content/uploads/sites/22/2023/05/Guysborough_Water_Quality_Report.pdf,https://data.novascotia.ca/Nature-and-Environment/Guysborough-County-Water-Quality-Data/eb3n-uxcb/about_data,https://catalogue.cioosatlantic.ca/dataset/ca-cioos_4ce2100d-41a6-382e-8273-d743919e32f7
Water Quality,Guysborough,Pirate Harbour,45.5893,-61.3794,https://cmar.ca/wp-content/uploads/sites/22/2023/05/Guysborough_Water_Quality_Report.pdf,https://data.novascotia.ca/Nature-and-Environment/Guysborough-County-Water-Quality-Data/eb3n-uxcb/about_data,https://catalogue.cioosatlantic.ca/dataset/ca-cioos_4ce2100d-41a6-382e-8273-d743919e32f7
Water Quality,Guysborough,Center Bay,45.2256,-61.2961,https://cmar.ca/wp-content/uploads/sites/22/2023/05/Guysborough_Water_Quality_Report.pdf,https://data.novascotia.ca/Nature-and-Environment/Guysborough-County-Water-Quality-Data/eb3n-uxcb/about_data,https://catalogue.cioosatlantic.ca/dataset/ca-cioos_4ce2100d-41a6-382e-8273-d743919e32f7
Water Quality,Guysborough,English Harbour,45.2501,-61.2987,https://cmar.ca/wp-content/uploads/sites/22/2023/05/Guysborough_Water_Quality_Report.pdf,https://data.novascotia.ca/Nature-and-Environment/Guysborough-County-Water-Quality-Data/eb3n-uxcb/about_data,https://catalogue.cioosatlantic.ca/dataset/ca-cioos_4ce2100d-41a6-382e-8273-d743919e32f7
Water Quality,Guysborough,Larrys River,45.2077,-61.3532,https://cmar.ca/wp-content/uploads/sites/22/2023/05/Guysborough_Water_Quality_Report.pdf,https://data.novascotia.ca/Nature-and-Environment/Guysborough-County-Water-Quality-Data/eb3n-uxcb/about_data,https://catalogue.cioosatlantic.ca/dataset/ca-cioos_4ce2100d-41a6-382e-8273-d743919e32f7
Water Quality,Guysborough,Tanner Island,45.2302,-61.2534,https://cmar.ca/wp-content/uploads/sites/22/2023/05/Guysborough_Water_Quality_Report.pdf,https://data.novascotia.ca/Nature-and-Environment/Guysborough-County-Water-Quality-Data/eb3n-uxcb/about_data,https://catalogue.cioosatlantic.ca/dataset/ca-cioos_4ce2100d-41a6-382e-8273-d743919e32f7
Water Quality,Guysborough,1199,45.2736,-61.1289,https://cmar.ca/wp-content/uploads/sites/22/2023/05/Guysborough_Water_Quality_Report.pdf,https://data.novascotia.ca/Nature-and-Environment/Guysborough-County-Water-Quality-Data/eb3n-uxcb/about_data,https://catalogue.cioosatlantic.ca/dataset/ca-cioos_4ce2100d-41a6-382e-8273-d743919e32f7
Water Quality,Guysborough,Bald Rock,45.1994,-61.191,https://cmar.ca/wp-content/uploads/sites/22/2023/05/Guysborough_Water_Quality_Report.pdf,https://data.novascotia.ca/Nature-and-Environment/Guysborough-County-Water-Quality-Data/eb3n-uxcb/about_data,https://catalogue.cioosatlantic.ca/dataset/ca-cioos_4ce2100d-41a6-382e-8273-d743919e32f7
Water Quality,Guysborough,Burnt Island,45.2564,-61.1492,https://cmar.ca/wp-content/uploads/sites/22/2023/05/Guysborough_Water_Quality_Report.pdf,https://data.novascotia.ca/Nature-and-Environment/Guysborough-County-Water-Quality-Data/eb3n-uxcb/about_data,https://catalogue.cioosatlantic.ca/dataset/ca-cioos_4ce2100d-41a6-382e-8273-d743919e32f7
Water Quality,Guysborough,Fishermans Island,45.2405,-61.1683,https://cmar.ca/wp-content/uploads/sites/22/2023/05/Guysborough_Water_Quality_Report.pdf,https://data.novascotia.ca/Nature-and-Environment/Guysborough-County-Water-Quality-Data/eb3n-uxcb/about_data,https://catalogue.cioosatlantic.ca/dataset/ca-cioos_4ce2100d-41a6-382e-8273-d743919e32f7
Water Quality,Guysborough,Harbour Island,45.2384,-61.1506,https://cmar.ca/wp-content/uploads/sites/22/2023/05/Guysborough_Water_Quality_Report.pdf,https://data.novascotia.ca/Nature-and-Environment/Guysborough-County-Water-Quality-Data/eb3n-uxcb/about_data,https://catalogue.cioosatlantic.ca/dataset/ca-cioos_4ce2100d-41a6-382e-8273-d743919e32f7
Water Quality,Guysborough,Northeast Branch,45.2706,-61.135,https://cmar.ca/wp-content/uploads/sites/22/2023/05/Guysborough_Water_Quality_Report.pdf,https://data.novascotia.ca/Nature-and-Environment/Guysborough-County-Water-Quality-Data/eb3n-uxcb/about_data,https://catalogue.cioosatlantic.ca/dataset/ca-cioos_4ce2100d-41a6-382e-8273-d743919e32f7
Water Quality,Guysborough,Northwest Branch,45.2853,-61.1678,https://cmar.ca/wp-content/uploads/sites/22/2023/05/Guysborough_Water_Quality_Report.pdf,https://data.novascotia.ca/Nature-and-Environment/Guysborough-County-Water-Quality-Data/eb3n-uxcb/about_data,https://catalogue.cioosatlantic.ca/dataset/ca-cioos_4ce2100d-41a6-382e-8273-d743919e32f7
Water Quality,Guysborough,The Basin,45.2375,-61.1495,https://cmar.ca/wp-content/uploads/sites/22/2023/05/Guysborough_Water_Quality_Report.pdf,https://data.novascotia.ca/Nature-and-Environment/Guysborough-County-Water-Quality-Data/eb3n-uxcb/about_data,https://catalogue.cioosatlantic.ca/dataset/ca-cioos_4ce2100d-41a6-382e-8273-d743919e32f7
Water Quality,Guysborough,The Basin N,45.2391,-61.1495,https://cmar.ca/wp-content/uploads/sites/22/2023/05/Guysborough_Water_Quality_Report.pdf,https://data.novascotia.ca/Nature-and-Environment/Guysborough-County-Water-Quality-Data/eb3n-uxcb/about_data,https://catalogue.cioosatlantic.ca/dataset/ca-cioos_4ce2100d-41a6-382e-8273-d743919e32f7
Water Quality,Guysborough,The Channel,45.2494,-61.1464,https://cmar.ca/wp-content/uploads/sites/22/2023/05/Guysborough_Water_Quality_Report.pdf,https://data.novascotia.ca/Nature-and-Environment/Guysborough-County-Water-Quality-Data/eb3n-uxcb/about_data,https://catalogue.cioosatlantic.ca/dataset/ca-cioos_4ce2100d-41a6-382e-8273-d743919e32f7
Water Quality,Guysborough,White Island,45.247,-61.1567,https://cmar.ca/wp-content/uploads/sites/22/2023/05/Guysborough_Water_Quality_Report.pdf,https://data.novascotia.ca/Nature-and-Environment/Guysborough-County-Water-Quality-Data/eb3n-uxcb/about_data,https://catalogue.cioosatlantic.ca/dataset/ca-cioos_4ce2100d-41a6-382e-8273-d743919e32f7
Water Quality,Guysborough,Yankee Cove,45.2332,-61.1589,https://cmar.ca/wp-content/uploads/sites/22/2023/05/Guysborough_Water_Quality_Report.pdf,https://data.novascotia.ca/Nature-and-Environment/Guysborough-County-Water-Quality-Data/eb3n-uxcb/about_data,https://catalogue.cioosatlantic.ca/dataset/ca-cioos_4ce2100d-41a6-382e-8273-d743919e32f7
Water Quality,Guysborough,Wine Harbour,45.0717,-61.8622,https://cmar.ca/wp-content/uploads/sites/22/2023/05/Guysborough_Water_Quality_Report.pdf,https://data.novascotia.ca/Nature-and-Environment/Guysborough-County-Water-Quality-Data/eb3n-uxcb/about_data,https://catalogue.cioosatlantic.ca/dataset/ca-cioos_4ce2100d-41a6-382e-8273-d743919e32f7
Water Quality,Halifax,Beaver Point,44.8776,-62.3992,https://cmar.ca/wp-content/uploads/sites/22/2023/04/Halifax_Water_Quality_Report.pdf,https://data.novascotia.ca/Nature-and-Environment/Halifax-County-Water-Quality-Data/x9dy-aai9/about_data,https://catalogue.cioosatlantic.ca/dataset/ca-cioos_72c91e45-2578-304b-9794-98a65642e24d
Water Quality,Halifax,Timmonds Cove,44.6234,-63.5211,https://cmar.ca/wp-content/uploads/sites/22/2023/04/Halifax_Water_Quality_Report.pdf,https://data.novascotia.ca/Nature-and-Environment/Halifax-County-Water-Quality-Data/x9dy-aai9/about_data,https://catalogue.cioosatlantic.ca/dataset/ca-cioos_72c91e45-2578-304b-9794-98a65642e24d
Water Quality,Halifax,Lawrencetown Beach,44.6343,-63.3372,https://cmar.ca/wp-content/uploads/sites/22/2023/04/Halifax_Water_Quality_Report.pdf,https://data.novascotia.ca/Nature-and-Environment/Halifax-County-Water-Quality-Data/x9dy-aai9/about_data,https://catalogue.cioosatlantic.ca/dataset/ca-cioos_72c91e45-2578-304b-9794-98a65642e24d
Water Quality,Halifax,Owls Head,44.7342,-62.8104,https://cmar.ca/wp-content/uploads/sites/22/2023/04/Halifax_Water_Quality_Report.pdf,https://data.novascotia.ca/Nature-and-Environment/Halifax-County-Water-Quality-Data/x9dy-aai9/about_data,https://catalogue.cioosatlantic.ca/dataset/ca-cioos_72c91e45-2578-304b-9794-98a65642e24d
Water Quality,Halifax,Shad Bay,44.5012,-63.8141,https://cmar.ca/wp-content/uploads/sites/22/2023/04/Halifax_Water_Quality_Report.pdf,https://data.novascotia.ca/Nature-and-Environment/Halifax-County-Water-Quality-Data/x9dy-aai9/about_data,https://catalogue.cioosatlantic.ca/dataset/ca-cioos_72c91e45-2578-304b-9794-98a65642e24d
Water Quality,Halifax,East Gibbs Island,44.8386,-62.5111,https://cmar.ca/wp-content/uploads/sites/22/2023/04/Halifax_Water_Quality_Report.pdf,https://data.novascotia.ca/Nature-and-Environment/Halifax-County-Water-Quality-Data/x9dy-aai9/about_data,https://catalogue.cioosatlantic.ca/dataset/ca-cioos_72c91e45-2578-304b-9794-98a65642e24d
Water Quality,Halifax,Borgles Island,44.7744,-62.7252,https://cmar.ca/wp-content/uploads/sites/22/2023/04/Halifax_Water_Quality_Report.pdf,https://data.novascotia.ca/Nature-and-Environment/Halifax-County-Water-Quality-Data/x9dy-aai9/about_data,https://catalogue.cioosatlantic.ca/dataset/ca-cioos_72c91e45-2578-304b-9794-98a65642e24d
Water Quality,Halifax,1323,44.8452,-62.4663,https://cmar.ca/wp-content/uploads/sites/22/2023/04/Halifax_Water_Quality_Report.pdf,https://data.novascotia.ca/Nature-and-Environment/Halifax-County-Water-Quality-Data/x9dy-aai9/about_data,https://catalogue.cioosatlantic.ca/dataset/ca-cioos_72c91e45-2578-304b-9794-98a65642e24d
Water Quality,Halifax,Sober Island,44.8388,-62.4712,https://cmar.ca/wp-content/uploads/sites/22/2023/04/Halifax_Water_Quality_Report.pdf,https://data.novascotia.ca/Nature-and-Environment/Halifax-County-Water-Quality-Data/x9dy-aai9/about_data,https://catalogue.cioosatlantic.ca/dataset/ca-cioos_72c91e45-2578-304b-9794-98a65642e24d
Water Quality,Halifax,Spry Harbour,44.8177,-62.6206,https://cmar.ca/wp-content/uploads/sites/22/2023/04/Halifax_Water_Quality_Report.pdf,https://data.novascotia.ca/Nature-and-Environment/Halifax-County-Water-Quality-Data/x9dy-aai9/about_data,https://catalogue.cioosatlantic.ca/dataset/ca-cioos_72c91e45-2578-304b-9794-98a65642e24d
Water Quality,Halifax,Shut-In Island,44.5545,-63.9567,https://cmar.ca/wp-content/uploads/sites/22/2023/04/Halifax_Water_Quality_Report.pdf,https://data.novascotia.ca/Nature-and-Environment/Halifax-County-Water-Quality-Data/x9dy-aai9/about_data,https://catalogue.cioosatlantic.ca/dataset/ca-cioos_72c91e45-2578-304b-9794-98a65642e24d
Water Quality,Inverness,Denys Basin E,45.904,-60.9949,https://cmar.ca/wp-content/uploads/sites/22/2023/04/Inverness_Water_Quality_Report.pdf,https://data.novascotia.ca/Nature-and-Environment/Inverness-County-Water-Quality-Data/a9za-3t63/about_data,https://catalogue.cioosatlantic.ca/dataset/ca-cioos_ee238a31-85f9-3cef-badc-c90201592a39
Water Quality,Inverness,Denys Basin W,45.901,-61.0287,https://cmar.ca/wp-content/uploads/sites/22/2023/04/Inverness_Water_Quality_Report.pdf,https://data.novascotia.ca/Nature-and-Environment/Inverness-County-Water-Quality-Data/a9za-3t63/about_data,https://catalogue.cioosatlantic.ca/dataset/ca-cioos_ee238a31-85f9-3cef-badc-c90201592a39
Water Quality,Inverness,193,46.0072,-60.9885,https://cmar.ca/wp-content/uploads/sites/22/2023/04/Inverness_Water_Quality_Report.pdf,https://data.novascotia.ca/Nature-and-Environment/Inverness-County-Water-Quality-Data/a9za-3t63/about_data,https://catalogue.cioosatlantic.ca/dataset/ca-cioos_ee238a31-85f9-3cef-badc-c90201592a39
Water Quality,Inverness,1330,46.0842,-61.4572,https://cmar.ca/wp-content/uploads/sites/22/2023/04/Inverness_Water_Quality_Report.pdf,https://data.novascotia.ca/Nature-and-Environment/Inverness-County-Water-Quality-Data/a9za-3t63/about_data,https://catalogue.cioosatlantic.ca/dataset/ca-cioos_ee238a31-85f9-3cef-badc-c90201592a39
Water Quality,Inverness,Canso Lock,45.6469,-61.4115,https://cmar.ca/wp-content/uploads/sites/22/2023/04/Inverness_Water_Quality_Report.pdf,https://data.novascotia.ca/Nature-and-Environment/Inverness-County-Water-Quality-Data/a9za-3t63/about_data,https://catalogue.cioosatlantic.ca/dataset/ca-cioos_ee238a31-85f9-3cef-badc-c90201592a39
Water Quality,Inverness,Pulp Mill,45.5959,-61.3638,https://cmar.ca/wp-content/uploads/sites/22/2023/04/Inverness_Water_Quality_Report.pdf,https://data.novascotia.ca/Nature-and-Environment/Inverness-County-Water-Quality-Data/a9za-3t63/about_data,https://catalogue.cioosatlantic.ca/dataset/ca-cioos_ee238a31-85f9-3cef-badc-c90201592a39
Water Quality,Inverness,0814x E,45.9513,-61.1207,https://cmar.ca/wp-content/uploads/sites/22/2023/04/Inverness_Water_Quality_Report.pdf,https://data.novascotia.ca/Nature-and-Environment/Inverness-County-Water-Quality-Data/a9za-3t63/about_data,https://catalogue.cioosatlantic.ca/dataset/ca-cioos_ee238a31-85f9-3cef-badc-c90201592a39
Water Quality,Inverness,0814x W,45.9455,-61.1292,https://cmar.ca/wp-content/uploads/sites/22/2023/04/Inverness_Water_Quality_Report.pdf,https://data.novascotia.ca/Nature-and-Environment/Inverness-County-Water-Quality-Data/a9za-3t63/about_data,https://catalogue.cioosatlantic.ca/dataset/ca-cioos_ee238a31-85f9-3cef-badc-c90201592a39
Water Quality,Inverness,Deep Basin,45.9482,-61.1246,https://cmar.ca/wp-content/uploads/sites/22/2023/04/Inverness_Water_Quality_Report.pdf,https://data.novascotia.ca/Nature-and-Environment/Inverness-County-Water-Quality-Data/a9za-3t63/about_data,https://catalogue.cioosatlantic.ca/dataset/ca-cioos_ee238a31-85f9-3cef-badc-c90201592a39
Water Quality,Inverness,Aberdeen,45.9761,-61.0227,https://cmar.ca/wp-content/uploads/sites/22/2023/04/Inverness_Water_Quality_Report.pdf,https://data.novascotia.ca/Nature-and-Environment/Inverness-County-Water-Quality-Data/a9za-3t63/about_data,https://catalogue.cioosatlantic.ca/dataset/ca-cioos_ee238a31-85f9-3cef-badc-c90201592a39
Water Quality,Lunenburg,Saddle Island,44.5033,-64.0499,https://cmar.ca/wp-content/uploads/sites/22/2023/04/Lunenburg_Water_Quality_Report.pdf,https://data.novascotia.ca/Nature-and-Environment/Lunenburg-County-Water-Quality-Data/eda5-aubu/about_data,https://catalogue.cioosatlantic.ca/dataset/ca-cioos_f12b30fd-0010-3002-9a6b-803aa9925687
Water Quality,Lunenburg,Flat Island,44.4335,-64.1312,https://cmar.ca/wp-content/uploads/sites/22/2023/04/Lunenburg_Water_Quality_Report.pdf,https://data.novascotia.ca/Nature-and-Environment/Lunenburg-County-Water-Quality-Data/eda5-aubu/about_data,https://catalogue.cioosatlantic.ca/dataset/ca-cioos_f12b30fd-0010-3002-9a6b-803aa9925687
Water Quality,Lunenburg,Little Rafuse Island,44.4351,-64.2517,https://cmar.ca/wp-content/uploads/sites/22/2023/04/Lunenburg_Water_Quality_Report.pdf,https://data.novascotia.ca/Nature-and-Environment/Lunenburg-County-Water-Quality-Data/eda5-aubu/about_data,https://catalogue.cioosatlantic.ca/dataset/ca-cioos_f12b30fd-0010-3002-9a6b-803aa9925687
Water Quality,Lunenburg,Snake Island,44.5436,-64.1734,https://cmar.ca/wp-content/uploads/sites/22/2023/04/Lunenburg_Water_Quality_Report.pdf,https://data.novascotia.ca/Nature-and-Environment/Lunenburg-County-Water-Quality-Data/eda5-aubu/about_data,https://catalogue.cioosatlantic.ca/dataset/ca-cioos_f12b30fd-0010-3002-9a6b-803aa9925687
Water Quality,Lunenburg,Upper Blandford,44.5089,-64.1329,https://cmar.ca/wp-content/uploads/sites/22/2023/04/Lunenburg_Water_Quality_Report.pdf,https://data.novascotia.ca/Nature-and-Environment/Lunenburg-County-Water-Quality-Data/eda5-aubu/about_data,https://catalogue.cioosatlantic.ca/dataset/ca-cioos_f12b30fd-0010-3002-9a6b-803aa9925687
Water Quality,Lunenburg,Birchy Head,44.5713,-64.0351,https://cmar.ca/wp-content/uploads/sites/22/2023/04/Lunenburg_Water_Quality_Report.pdf,https://data.novascotia.ca/Nature-and-Environment/Lunenburg-County-Water-Quality-Data/eda5-aubu/about_data,https://catalogue.cioosatlantic.ca/dataset/ca-cioos_f12b30fd-0010-3002-9a6b-803aa9925687
Water Quality,Lunenburg,Tilley Point,44.5483,-64.0174,https://cmar.ca/wp-content/uploads/sites/22/2023/04/Lunenburg_Water_Quality_Report.pdf,https://data.novascotia.ca/Nature-and-Environment/Lunenburg-County-Water-Quality-Data/eda5-aubu/about_data,https://catalogue.cioosatlantic.ca/dataset/ca-cioos_f12b30fd-0010-3002-9a6b-803aa9925687
Water Quality,Pictou,Waterside,45.7562,-62.7703,https://cmar.ca/wp-content/uploads/sites/22/2023/04/Pictou_Water_Quality_Report.pdf,https://data.novascotia.ca/Nature-and-Environment/Pictou-County-Water-Quality-Data/adpu-nyt8/about_data,https://catalogue.cioosatlantic.ca/dataset/ca-cioos_dff6e176-b7b7-3e78-bcf4-c93f4bc09261
Water Quality,Pictou,Inner Harbour,45.6691,-62.5725,https://cmar.ca/wp-content/uploads/sites/22/2023/04/Pictou_Water_Quality_Report.pdf,https://data.novascotia.ca/Nature-and-Environment/Pictou-County-Water-Quality-Data/adpu-nyt8/about_data,https://catalogue.cioosatlantic.ca/dataset/ca-cioos_dff6e176-b7b7-3e78-bcf4-c93f4bc09261
Water Quality,Pictou,Robinson Cove,45.66,-62.4117,https://cmar.ca/wp-content/uploads/sites/22/2023/04/Pictou_Water_Quality_Report.pdf,https://data.novascotia.ca/Nature-and-Environment/Pictou-County-Water-Quality-Data/adpu-nyt8/about_data,https://catalogue.cioosatlantic.ca/dataset/ca-cioos_dff6e176-b7b7-3e78-bcf4-c93f4bc09261
Water Quality,Pictou,Melmerby Beach,45.65,-62.525,https://cmar.ca/wp-content/uploads/sites/22/2023/04/Pictou_Water_Quality_Report.pdf,https://data.novascotia.ca/Nature-and-Environment/Pictou-County-Water-Quality-Data/adpu-nyt8/about_data,https://catalogue.cioosatlantic.ca/dataset/ca-cioos_dff6e176-b7b7-3e78-bcf4-c93f4bc09261
Water Quality,Pictou,Roy Island 1,45.6604,-62.5148,https://cmar.ca/wp-content/uploads/sites/22/2023/04/Pictou_Water_Quality_Report.pdf,https://data.novascotia.ca/Nature-and-Environment/Pictou-County-Water-Quality-Data/adpu-nyt8/about_data,https://catalogue.cioosatlantic.ca/dataset/ca-cioos_dff6e176-b7b7-3e78-bcf4-c93f4bc09261
Water Quality,Pictou,Roy Island 2,45.6604,-62.5149,https://cmar.ca/wp-content/uploads/sites/22/2023/04/Pictou_Water_Quality_Report.pdf,https://data.novascotia.ca/Nature-and-Environment/Pictou-County-Water-Quality-Data/adpu-nyt8/about_data,https://catalogue.cioosatlantic.ca/dataset/ca-cioos_dff6e176-b7b7-3e78-bcf4-c93f4bc09261
Water Quality,Pictou,Roy Island 3,45.6605,-62.5149,https://cmar.ca/wp-content/uploads/sites/22/2023/04/Pictou_Water_Quality_Report.pdf,https://data.novascotia.ca/Nature-and-Environment/Pictou-County-Water-Quality-Data/adpu-nyt8/about_data,https://catalogue.cioosatlantic.ca/dataset/ca-cioos_dff6e176-b7b7-3e78-bcf4-c93f4bc09261
Water Quality,Pictou,Back Harbour,45.6322,-62.5058,https://cmar.ca/wp-content/uploads/sites/22/2023/04/Pictou_Water_Quality_Report.pdf,https://data.novascotia.ca/Nature-and-Environment/Pictou-County-Water-Quality-Data/adpu-nyt8/about_data,https://catalogue.cioosatlantic.ca/dataset/ca-cioos_dff6e176-b7b7-3e78-bcf4-c93f4bc09261
Water Quality,Pictou,Olding Island,45.644,-62.468,https://cmar.ca/wp-content/uploads/sites/22/2023/04/Pictou_Water_Quality_Report.pdf,https://data.novascotia.ca/Nature-and-Environment/Pictou-County-Water-Quality-Data/adpu-nyt8/about_data,https://catalogue.cioosatlantic.ca/dataset/ca-cioos_dff6e176-b7b7-3e78-bcf4-c93f4bc09261
Water Quality,Queens,Mersey Point,44.0261,-64.6657,https://cmar.ca/wp-content/uploads/sites/22/2023/04/Queens_Water_Quality_Report.pdf,https://data.novascotia.ca/Nature-and-Environment/Queens-County-Water-Quality-Data/qspp-qhb6/about_data,https://catalogue.cioosatlantic.ca/dataset/ca-cioos_8df7f896-ddef-34d7-ba4b-dec90c30bb16
Water Quality,Queens,Fryingpan Island,44.1001,-64.5278,https://cmar.ca/wp-content/uploads/sites/22/2023/04/Queens_Water_Quality_Report.pdf,https://data.novascotia.ca/Nature-and-Environment/Queens-County-Water-Quality-Data/qspp-qhb6/about_data,https://catalogue.cioosatlantic.ca/dataset/ca-cioos_8df7f896-ddef-34d7-ba4b-dec90c30bb16
Water Quality,Queens,Lesser Hope Rock,43.7994,-64.879,https://cmar.ca/wp-content/uploads/sites/22/2023/04/Queens_Water_Quality_Report.pdf,https://data.novascotia.ca/Nature-and-Environment/Queens-County-Water-Quality-Data/qspp-qhb6/about_data,https://catalogue.cioosatlantic.ca/dataset/ca-cioos_8df7f896-ddef-34d7-ba4b-dec90c30bb16
Water Quality,Richmond,667,45.4934,-61.0195,https://cmar.ca/wp-content/uploads/sites/22/2023/04/Richmond_Water_Quality_Report.pdf,https://data.novascotia.ca/Nature-and-Environment/Richmond-County-Water-Quality-Data/v6sa-tiit/about_data,https://catalogue.cioosatlantic.ca/dataset/ca-cioos_01fd41f3-d775-379d-ae08-05f9d5e7b538
Water Quality,Richmond,0716 Center,45.5014,-61.042,https://cmar.ca/wp-content/uploads/sites/22/2023/04/Richmond_Water_Quality_Report.pdf,https://data.novascotia.ca/Nature-and-Environment/Richmond-County-Water-Quality-Data/v6sa-tiit/about_data,https://catalogue.cioosatlantic.ca/dataset/ca-cioos_01fd41f3-d775-379d-ae08-05f9d5e7b538
Water Quality,Richmond,Cape Auguet Bay,45.5004,-61.0187,https://cmar.ca/wp-content/uploads/sites/22/2023/04/Richmond_Water_Quality_Report.pdf,https://data.novascotia.ca/Nature-and-Environment/Richmond-County-Water-Quality-Data/v6sa-tiit/about_data,https://catalogue.cioosatlantic.ca/dataset/ca-cioos_01fd41f3-d775-379d-ae08-05f9d5e7b538
Water Quality,Richmond,Eastern Passage,45.4903,-61.0383,https://cmar.ca/wp-content/uploads/sites/22/2023/04/Richmond_Water_Quality_Report.pdf,https://data.novascotia.ca/Nature-and-Environment/Richmond-County-Water-Quality-Data/v6sa-tiit/about_data,https://catalogue.cioosatlantic.ca/dataset/ca-cioos_01fd41f3-d775-379d-ae08-05f9d5e7b538
Water Quality,Richmond,Jerseyman Island,45.4982,-61.0447,https://cmar.ca/wp-content/uploads/sites/22/2023/04/Richmond_Water_Quality_Report.pdf,https://data.novascotia.ca/Nature-and-Environment/Richmond-County-Water-Quality-Data/v6sa-tiit/about_data,https://catalogue.cioosatlantic.ca/dataset/ca-cioos_01fd41f3-d775-379d-ae08-05f9d5e7b538
Water Quality,Richmond,Kavanagh Point,45.4982,-61.0193,https://cmar.ca/wp-content/uploads/sites/22/2023/04/Richmond_Water_Quality_Report.pdf,https://data.novascotia.ca/Nature-and-Environment/Richmond-County-Water-Quality-Data/v6sa-tiit/about_data,https://catalogue.cioosatlantic.ca/dataset/ca-cioos_01fd41f3-d775-379d-ae08-05f9d5e7b538
Water Quality,Richmond,Les Rochers,45.529,-60.926,https://cmar.ca/wp-content/uploads/sites/22/2023/04/Richmond_Water_Quality_Report.pdf,https://data.novascotia.ca/Nature-and-Environment/Richmond-County-Water-Quality-Data/v6sa-tiit/about_data,https://catalogue.cioosatlantic.ca/dataset/ca-cioos_01fd41f3-d775-379d-ae08-05f9d5e7b538
Water Quality,Richmond,St. Peters Canal N,45.6595,-60.8645,https://cmar.ca/wp-content/uploads/sites/22/2023/04/Richmond_Water_Quality_Report.pdf,https://data.novascotia.ca/Nature-and-Environment/Richmond-County-Water-Quality-Data/v6sa-tiit/about_data,https://catalogue.cioosatlantic.ca/dataset/ca-cioos_01fd41f3-d775-379d-ae08-05f9d5e7b538
Water Quality,Richmond,St. Peters Canal S,45.6508,-60.8741,https://cmar.ca/wp-content/uploads/sites/22/2023/04/Richmond_Water_Quality_Report.pdf,https://data.novascotia.ca/Nature-and-Environment/Richmond-County-Water-Quality-Data/v6sa-tiit/about_data,https://catalogue.cioosatlantic.ca/dataset/ca-cioos_01fd41f3-d775-379d-ae08-05f9d5e7b538
Water Quality,Richmond,Cascarette Island,45.6113,-60.9844,https://cmar.ca/wp-content/uploads/sites/22/2023/04/Richmond_Water_Quality_Report.pdf,https://data.novascotia.ca/Nature-and-Environment/Richmond-County-Water-Quality-Data/v6sa-tiit/about_data,https://catalogue.cioosatlantic.ca/dataset/ca-cioos_01fd41f3-d775-379d-ae08-05f9d5e7b538
Water Quality,Richmond,Gabion Shoal,45.6026,-60.9024,https://cmar.ca/wp-content/uploads/sites/22/2023/04/Richmond_Water_Quality_Report.pdf,https://data.novascotia.ca/Nature-and-Environment/Richmond-County-Water-Quality-Data/v6sa-tiit/about_data,https://catalogue.cioosatlantic.ca/dataset/ca-cioos_01fd41f3-d775-379d-ae08-05f9d5e7b538
Water Quality,Richmond,Red Point,45.5609,-60.7611,https://cmar.ca/wp-content/uploads/sites/22/2023/04/Richmond_Water_Quality_Report.pdf,https://data.novascotia.ca/Nature-and-Environment/Richmond-County-Water-Quality-Data/v6sa-tiit/about_data,https://catalogue.cioosatlantic.ca/dataset/ca-cioos_01fd41f3-d775-379d-ae08-05f9d5e7b538
Water Quality,Shelburne,Blue Island,43.6862,-65.1682,https://cmar.ca/wp-content/uploads/sites/22/2023/04/Shelburne_Water_Quality_Report.pdf,https://data.novascotia.ca/Nature-and-Environment/Shelburne-County-Water-Quality-Data/mq2k-54s4/about_data,https://catalogue.cioosatlantic.ca/dataset/ca-cioos_c0e030c1-d846-3f24-a880-18c4d03f94d3
Water Quality,Shelburne,Little Harbour,43.7169,-65.0088,https://cmar.ca/wp-content/uploads/sites/22/2023/04/Shelburne_Water_Quality_Report.pdf,https://data.novascotia.ca/Nature-and-Environment/Shelburne-County-Water-Quality-Data/mq2k-54s4/about_data,https://catalogue.cioosatlantic.ca/dataset/ca-cioos_c0e030c1-d846-3f24-a880-18c4d03f94d3
Water Quality,Shelburne,Ingomar,43.5237,-65.3557,https://cmar.ca/wp-content/uploads/sites/22/2023/04/Shelburne_Water_Quality_Report.pdf,https://data.novascotia.ca/Nature-and-Environment/Shelburne-County-Water-Quality-Data/mq2k-54s4/about_data,https://catalogue.cioosatlantic.ca/dataset/ca-cioos_c0e030c1-d846-3f24-a880-18c4d03f94d3
Water Quality,Shelburne,Taylors Rock 1,43.4655,-65.4236,https://cmar.ca/wp-content/uploads/sites/22/2023/04/Shelburne_Water_Quality_Report.pdf,https://data.novascotia.ca/Nature-and-Environment/Shelburne-County-Water-Quality-Data/mq2k-54s4/about_data,https://catalogue.cioosatlantic.ca/dataset/ca-cioos_c0e030c1-d846-3f24-a880-18c4d03f94d3
Water Quality,Shelburne,Taylors Rock,43.4689,-65.4317,https://cmar.ca/wp-content/uploads/sites/22/2023/04/Shelburne_Water_Quality_Report.pdf,https://data.novascotia.ca/Nature-and-Environment/Shelburne-County-Water-Quality-Data/mq2k-54s4/about_data,https://catalogue.cioosatlantic.ca/dataset/ca-cioos_c0e030c1-d846-3f24-a880-18c4d03f94d3
Water Quality,Shelburne,McNutts Island,43.6303,-65.261,https://cmar.ca/wp-content/uploads/sites/22/2023/04/Shelburne_Water_Quality_Report.pdf,https://data.novascotia.ca/Nature-and-Environment/Shelburne-County-Water-Quality-Data/mq2k-54s4/about_data,https://catalogue.cioosatlantic.ca/dataset/ca-cioos_c0e030c1-d846-3f24-a880-18c4d03f94d3
Water Quality,Shelburne,Camerons Cove,43.4971,-65.7378,https://cmar.ca/wp-content/uploads/sites/22/2023/04/Shelburne_Water_Quality_Report.pdf,https://data.novascotia.ca/Nature-and-Environment/Shelburne-County-Water-Quality-Data/mq2k-54s4/about_data,https://catalogue.cioosatlantic.ca/dataset/ca-cioos_c0e030c1-d846-3f24-a880-18c4d03f94d3
Water Quality,Victoria,North Harbour,46.9112,-60.4748,https://cmar.ca/wp-content/uploads/sites/22/2024/04/Victoria_Water_Quality_Report.pdf,https://data.novascotia.ca/Nature-and-Environment/Victoria-County-Water-Quality-Data/t2ms-7jgj/about_data,https://catalogue.cioosatlantic.ca/dataset/ca-cioos_84b67ad5-ac8c-3df1-a44e-36185d612b0b
Water Quality,Victoria,Barra Strait S,45.947,-60.8092,https://cmar.ca/wp-content/uploads/sites/22/2024/04/Victoria_Water_Quality_Report.pdf,https://data.novascotia.ca/Nature-and-Environment/Victoria-County-Water-Quality-Data/t2ms-7jgj/about_data,https://catalogue.cioosatlantic.ca/dataset/ca-cioos_84b67ad5-ac8c-3df1-a44e-36185d612b0b
Water Quality,Victoria,Great Bras d'Or Channel NE-E,46.2514,-60.4645,https://cmar.ca/wp-content/uploads/sites/22/2024/04/Victoria_Water_Quality_Report.pdf,https://data.novascotia.ca/Nature-and-Environment/Victoria-County-Water-Quality-Data/t2ms-7jgj/about_data,https://catalogue.cioosatlantic.ca/dataset/ca-cioos_84b67ad5-ac8c-3df1-a44e-36185d612b0b
Water Quality,Victoria,Great Bras d'Or Channel NE-W,46.2555,-60.4712,https://cmar.ca/wp-content/uploads/sites/22/2024/04/Victoria_Water_Quality_Report.pdf,https://data.novascotia.ca/Nature-and-Environment/Victoria-County-Water-Quality-Data/t2ms-7jgj/about_data,https://catalogue.cioosatlantic.ca/dataset/ca-cioos_84b67ad5-ac8c-3df1-a44e-36185d612b0b
Water Quality,Victoria,Great Bras d'Or Channel SW-E,46.1184,-60.6266,https://cmar.ca/wp-content/uploads/sites/22/2024/04/Victoria_Water_Quality_Report.pdf,https://data.novascotia.ca/Nature-and-Environment/Victoria-County-Water-Quality-Data/t2ms-7jgj/about_data,https://catalogue.cioosatlantic.ca/dataset/ca-cioos_84b67ad5-ac8c-3df1-a44e-36185d612b0b
Water Quality,Victoria,Great Bras d'Or Channel SW-W,46.1206,-60.634,https://cmar.ca/wp-content/uploads/sites/22/2024/04/Victoria_Water_Quality_Report.pdf,https://data.novascotia.ca/Nature-and-Environment/Victoria-County-Water-Quality-Data/t2ms-7jgj/about_data,https://catalogue.cioosatlantic.ca/dataset/ca-cioos_84b67ad5-ac8c-3df1-a44e-36185d612b0b
Water Quality,Victoria,Little Narrows N,45.999,-60.9743,https://cmar.ca/wp-content/uploads/sites/22/2024/04/Victoria_Water_Quality_Report.pdf,https://data.novascotia.ca/Nature-and-Environment/Victoria-County-Water-Quality-Data/t2ms-7jgj/about_data,https://catalogue.cioosatlantic.ca/dataset/ca-cioos_84b67ad5-ac8c-3df1-a44e-36185d612b0b
Water Quality,Victoria,Little Narrows S,45.9864,-60.9903,https://cmar.ca/wp-content/uploads/sites/22/2024/04/Victoria_Water_Quality_Report.pdf,https://data.novascotia.ca/Nature-and-Environment/Victoria-County-Water-Quality-Data/t2ms-7jgj/about_data,https://catalogue.cioosatlantic.ca/dataset/ca-cioos_84b67ad5-ac8c-3df1-a44e-36185d612b0b
Water Quality,Victoria,Nyanza Bay E,46.0652,-60.8948,https://cmar.ca/wp-content/uploads/sites/22/2024/04/Victoria_Water_Quality_Report.pdf,https://data.novascotia.ca/Nature-and-Environment/Victoria-County-Water-Quality-Data/t2ms-7jgj/about_data,https://catalogue.cioosatlantic.ca/dataset/ca-cioos_84b67ad5-ac8c-3df1-a44e-36185d612b0b
Water Quality,Victoria,Nyanza Bay W,46.0648,-60.9024,https://cmar.ca/wp-content/uploads/sites/22/2024/04/Victoria_Water_Quality_Report.pdf,https://data.novascotia.ca/Nature-and-Environment/Victoria-County-Water-Quality-Data/t2ms-7jgj/about_data,https://catalogue.cioosatlantic.ca/dataset/ca-cioos_84b67ad5-ac8c-3df1-a44e-36185d612b0b
Water Quality,Yarmouth,Yarmouth Bar,43.8315,-66.1732,https://cmar.ca/wp-content/uploads/sites/22/2025/12/Yarmouth_Water_Quality_Report.pdf,https://data.novascotia.ca/Nature-and-Environment/Yarmouth-County-Water-Quality-Data/9qw2-yb2f/about_data,https://catalogue.cioosatlantic.ca/dataset/ca-cioos_4478e07f-b898-3dfb-bd51-555a8076f50a
Water Quality,Yarmouth,Big Pond Point,43.7704,-66.1352,https://cmar.ca/wp-content/uploads/sites/22/2025/12/Yarmouth_Water_Quality_Report.pdf,https://data.novascotia.ca/Nature-and-Environment/Yarmouth-County-Water-Quality-Data/9qw2-yb2f/about_data,https://catalogue.cioosatlantic.ca/dataset/ca-cioos_4478e07f-b898-3dfb-bd51-555a8076f50a
Water Quality,Yarmouth,Short Beach,43.9309,-66.168,https://cmar.ca/wp-content/uploads/sites/22/2025/12/Yarmouth_Water_Quality_Report.pdf,https://data.novascotia.ca/Nature-and-Environment/Yarmouth-County-Water-Quality-Data/9qw2-yb2f/about_data,https://catalogue.cioosatlantic.ca/dataset/ca-cioos_4478e07f-b898-3dfb-bd51-555a8076f50a
Water Quality,Yarmouth,Lobster Bay,43.679,-65.8982,https://cmar.ca/wp-content/uploads/sites/22/2025/12/Yarmouth_Water_Quality_Report.pdf,https://data.novascotia.ca/Nature-and-Environment/Yarmouth-County-Water-Quality-Data/9qw2-yb2f/about_data,https://catalogue.cioosatlantic.ca/dataset/ca-cioos_4478e07f-b898-3dfb-bd51-555a8076f50a
Water Quality,Yarmouth,Morris Island,43.7908,-65.9116,https://cmar.ca/wp-content/uploads/sites/22/2025/12/Yarmouth_Water_Quality_Report.pdf,https://data.novascotia.ca/Nature-and-Environment/Yarmouth-County-Water-Quality-Data/9qw2-yb2f/about_data,https://catalogue.cioosatlantic.ca/dataset/ca-cioos_4478e07f-b898-3dfb-bd51-555a8076f50a
Water Quality,Yarmouth,Old Point Channel,43.721,-65.8457,https://cmar.ca/wp-content/uploads/sites/22/2025/12/Yarmouth_Water_Quality_Report.pdf,https://data.novascotia.ca/Nature-and-Environment/Yarmouth-County-Water-Quality-Data/9qw2-yb2f/about_data,https://catalogue.cioosatlantic.ca/dataset/ca-cioos_4478e07f-b898-3dfb-bd51-555a8076f50a
Water Quality,Yarmouth,Ram Island,43.6845,-65.836,https://cmar.ca/wp-content/uploads/sites/22/2025/12/Yarmouth_Water_Quality_Report.pdf,https://data.novascotia.ca/Nature-and-Environment/Yarmouth-County-Water-Quality-Data/9qw2-yb2f/about_data,https://catalogue.cioosatlantic.ca/dataset/ca-cioos_4478e07f-b898-3dfb-bd51-555a8076f50a
Water Quality,Yarmouth,Tucker Island,43.7161,-65.9427,https://cmar.ca/wp-content/uploads/sites/22/2025/12/Yarmouth_Water_Quality_Report.pdf,https://data.novascotia.ca/Nature-and-Environment/Yarmouth-County-Water-Quality-Data/9qw2-yb2f/about_data,https://catalogue.cioosatlantic.ca/dataset/ca-cioos_4478e07f-b898-3dfb-bd51-555a8076f50a
Water Quality,Yarmouth,Wedgeport,43.694,-65.9594,https://cmar.ca/wp-content/uploads/sites/22/2025/12/Yarmouth_Water_Quality_Report.pdf,https://data.novascotia.ca/Nature-and-Environment/Yarmouth-County-Water-Quality-Data/9qw2-yb2f/about_data,https://catalogue.cioosatlantic.ca/dataset/ca-cioos_4478e07f-b898-3dfb-bd51-555a8076f50a
Water Quality,Yarmouth,Big Sluice,43.8144,-65.9137,https://cmar.ca/wp-content/uploads/sites/22/2025/12/Yarmouth_Water_Quality_Report.pdf,https://data.novascotia.ca/Nature-and-Environment/Yarmouth-County-Water-Quality-Data/9qw2-yb2f/about_data,https://catalogue.cioosatlantic.ca/dataset/ca-cioos_4478e07f-b898-3dfb-bd51-555a8076f50a
